sector_name,topic_id,base_topic_id,topic_name,standards_id,disclosure_id
GRI 11: Oil And Gas Sector 2021,11.1.1,11.1,GHG emissions,GRI 3,3-3
GRI 11: Oil And Gas Sector 2021,11.1.2,11.1,GHG emissions,GRI 302,302-1
GRI 11: Oil And Gas Sector 2021,11.1.3,11.1,GHG emissions,GRI 302,302-2
GRI 11: Oil And Gas Sector 2021,11.1.4,11.1,GHG emissions,GRI 302,302-3
GRI 11: Oil And Gas Sector 2021,11.1.5,11.1,GHG emissions,GRI 305,305-1
GRI 11: Oil And Gas Sector 2021,11.1.6,11.1,GHG emissions,GRI 305,305-2
GRI 11: Oil And Gas Sector 2021,11.1.7,11.1,GHG emissions,GRI 305,305-3
GRI 11: Oil And Gas Sector 2021,11.1.8,11.1,GHG emissions,GRI 305,305-4
GRI 11: Oil And Gas Sector 2021,11.2.1,11.2,"Climate adaptation, resilience, and transition",GRI 3,3-3
GRI 11: Oil And Gas Sector 2021,11.2.2,11.2,"Climate adaptation, resilience, and transition",GRI 201,201-2
GRI 11: Oil And Gas Sector 2021,11.2.3,11.2,"Climate adaptation, resilience, and transition",GRI 305,305-5
GRI 11: Oil And Gas Sector 2021,11.3.1,11.3,Air emissions,GRI 3,3-3
GRI 11: Oil And Gas Sector 2021,11.3.2,11.3,Air emissions,GRI 305,305-7
GRI 11: Oil And Gas Sector 2021,11.3.3,11.3,Air emissions,GRI 416,416-1
GRI 11: Oil And Gas Sector 2021,11.4.1,11.4,Biodiversity,GRI 3,3-3
GRI 11: Oil And Gas Sector 2021,11.4.2,11.4,Biodiversity,GRI 304,304-1
GRI 11: Oil And Gas Sector 2021,11.4.3,11.4,Biodiversity,GRI 304,304-2
GRI 11: Oil And Gas Sector 2021,11.4.4,11.4,Biodiversity,GRI 304,304-3
GRI 11: Oil And Gas Sector 2021,11.4.5,11.4,Biodiversity,GRI 304,304-4
GRI 11: Oil And Gas Sector 2021,11.5.1,11.5,Waste,GRI 3,3-3
GRI 11: Oil And Gas Sector 2021,11.5.2,11.5,Waste,GRI 306,306-1
GRI 11: Oil And Gas Sector 2021,11.5.3,11.5,Waste,GRI 306,306-2
GRI 11: Oil And Gas Sector 2021,11.5.4,11.5,Waste,GRI 306,306-3
GRI 11: Oil And Gas Sector 2021,11.5.5,11.5,Waste,GRI 306,306-4
GRI 11: Oil And Gas Sector 2021,11.5.6,11.5,Waste,GRI 306,306-5
GRI 11: Oil And Gas Sector 2021,11.6.1,11.6,Water and effluents,GRI 3,3-3
GRI 11: Oil And Gas Sector 2021,11.6.2,11.6,Water and effluents,GRI 303,303-1
GRI 11: Oil And Gas Sector 2021,11.6.3,11.6,Water and effluents,GRI 303,303-2
GRI 11: Oil And Gas Sector 2021,11.6.4,11.6,Water and effluents,GRI 303,303-3
GRI 11: Oil And Gas Sector 2021,11.6.5,11.6,Water and effluents,GRI 303,303-4
GRI 11: Oil And Gas Sector 2021,11.6.6,11.6,Water and effluents,GRI 303,303-5
GRI 11: Oil And Gas Sector 2021,11.7.1,11.7,Closure and rehabilitation,GRI 3,3-3
GRI 11: Oil And Gas Sector 2021,11.7.2,11.7,Closure and rehabilitation,GRI 402,402-1
GRI 11: Oil And Gas Sector 2021,11.7.3,11.7,Closure and rehabilitation,GRI 404,404-2
GRI 11: Oil And Gas Sector 2021,11.8.1,11.8,Asset integrity and critical incident management,GRI 3,3-3
GRI 11: Oil And Gas Sector 2021,11.8.2,11.8,Asset integrity and critical incident management,GRI 306,306-3
GRI 11: Oil And Gas Sector 2021,11.9.1,11.9,Occupational health and safety,GRI 3,3-3
GRI 11: Oil And Gas Sector 2021,11.9.2,11.9,Occupational health and safety,GRI 403,403-1
GRI 11: Oil And Gas Sector 2021,11.9.3,11.9,Occupational health and safety,GRI 403,403-2
GRI 11: Oil And Gas Sector 2021,11.9.4,11.9,Occupational health and safety,GRI 403,403-3
GRI 11: Oil And Gas Sector 2021,11.9.5,11.9,Occupational health and safety,GRI 403,403-4
GRI 11: Oil And Gas Sector 2021,11.9.6,11.9,Occupational health and safety,GRI 403,403-5
GRI 11: Oil And Gas Sector 2021,11.9.7,11.9,Occupational health and safety,GRI 403,403-6
GRI 11: Oil And Gas Sector 2021,11.9.8,11.9,Occupational health and safety,GRI 403,403-7
GRI 11: Oil And Gas Sector 2021,11.9.9,11.9,Occupational health and safety,GRI 403,403-8
GRI 11: Oil And Gas Sector 2021,11.9.10,11.9,Occupational health and safety,GRI 403,403-9
GRI 11: Oil And Gas Sector 2021,11.9.11,11.9,Occupational health and safety,GRI 403,403-10
GRI 11: Oil And Gas Sector 2021,11.10.1,11.10,Employment practices,GRI 3,3-3
GRI 11: Oil And Gas Sector 2021,11.10.2,11.10,Employment practices,GRI 401,401-1
GRI 11: Oil And Gas Sector 2021,11.10.3,11.10,Employment practices,GRI 401,401-2
GRI 11: Oil And Gas Sector 2021,11.10.4,11.10,Employment practices,GRI 401,401-3
GRI 11: Oil And Gas Sector 2021,11.10.5,11.10,Employment practices,GRI 402,402-1
GRI 11: Oil And Gas Sector 2021,11.10.6,11.10,Employment practices,GRI 404,404-1
GRI 11: Oil And Gas Sector 2021,11.10.7,11.10,Employment practices,GRI 404,404-2
GRI 11: Oil And Gas Sector 2021,11.10.8,11.10,Employment practices,GRI 414,414-1
GRI 11: Oil And Gas Sector 2021,11.10.9,11.10,Employment practices,GRI 414,414-2
GRI 11: Oil And Gas Sector 2021,11.11.1,11.11,Non-discrimination and equal opportunity,GRI 3,3-3
GRI 11: Oil And Gas Sector 2021,11.11.2,11.11,Non-discrimination and equal opportunity,GRI 202,202-2
GRI 11: Oil And Gas Sector 2021,11.11.3,11.11,Non-discrimination and equal opportunity,GRI 401,401-3
GRI 11: Oil And Gas Sector 2021,11.11.4,11.11,Non-discrimination and equal opportunity,GRI 404,404-1
GRI 11: Oil And Gas Sector 2021,11.11.5,11.11,Non-discrimination and equal opportunity,GRI 405,405-1
GRI 11: Oil And Gas Sector 2021,11.11.6,11.11,Non-discrimination and equal opportunity,GRI 405,405-2
GRI 11: Oil And Gas Sector 2021,11.11.7,11.11,Non-discrimination and equal opportunity,GRI 406,406-1
GRI 11: Oil And Gas Sector 2021,11.12.1,11.12,Forced labor and modern slavery,GRI 3,3-3
GRI 11: Oil And Gas Sector 2021,11.12.2,11.12,Forced labor and modern slavery,GRI 409,409-1
GRI 11: Oil And Gas Sector 2021,11.12.3,11.12,Forced labor and modern slavery,GRI 414,414-1
GRI 11: Oil And Gas Sector 2021,11.13.1,11.13,Freedom of association and collective bargaining,GRI 3,3-3
GRI 11: Oil And Gas Sector 2021,11.13.2,11.13,Freedom of association and collective bargaining,GRI 407,407-1
GRI 11: Oil And Gas Sector 2021,11.14.1,11.14,Economic impacts,GRI 3,3-3
GRI 11: Oil And Gas Sector 2021,11.14.2,11.14,Economic impacts,GRI 201,201-1
GRI 11: Oil And Gas Sector 2021,11.14.3,11.14,Economic impacts,GRI 202,202-2
GRI 11: Oil And Gas Sector 2021,11.14.4,11.14,Economic impacts,GRI 203,203-1
GRI 11: Oil And Gas Sector 2021,11.14.5,11.14,Economic impacts,GRI 203,203-2
GRI 11: Oil And Gas Sector 2021,11.14.6,11.14,Economic impacts,GRI 204,204-1
GRI 11: Oil And Gas Sector 2021,11.15.1,11.15,Local communities,GRI 3,3-3
GRI 11: Oil And Gas Sector 2021,11.15.2,11.15,Local communities,GRI 413,413-1
GRI 11: Oil And Gas Sector 2021,11.15.3,11.15,Local communities,GRI 413,413-2
GRI 11: Oil And Gas Sector 2021,11.16.1,11.16,Land and resource rights,GRI 3,3-3
GRI 11: Oil And Gas Sector 2021,11.17.1,11.17,Rights of indigenous peoples,GRI 3,3-3
GRI 11: Oil And Gas Sector 2021,11.17.2,11.17,Rights of indigenous peoples,GRI 411,411-1
GRI 11: Oil And Gas Sector 2021,11.18.1,11.18,Conflict and security,GRI 3,3-3
GRI 11: Oil And Gas Sector 2021,11.18.2,11.18,Conflict and security,GRI 410,410-1
GRI 11: Oil And Gas Sector 2021,11.19.1,11.19,Anti-competitive behavior,GRI 3,3-3
GRI 11: Oil And Gas Sector 2021,11.19.2,11.19,Anti-competitive behavior,GRI 206,206-1
GRI 11: Oil And Gas Sector 2021,11.20.1,11.20,Anti-corruption,GRI 3,3-3
GRI 11: Oil And Gas Sector 2021,11.20.2,11.20,Anti-corruption,GRI 205,205-1
GRI 11: Oil And Gas Sector 2021,11.20.3,11.20,Anti-corruption,GRI 205,205-2
GRI 11: Oil And Gas Sector 2021,11.20.4,11.20,Anti-corruption,GRI 205,205-3
GRI 11: Oil And Gas Sector 2021,11.21.1,11.21,Payments to governments,GRI 3,3-3
GRI 11: Oil And Gas Sector 2021,11.21.2,11.21,Payments to governments,GRI 201,201-1
GRI 11: Oil And Gas Sector 2021,11.21.3,11.21,Payments to governments,GRI 201,201-4
GRI 11: Oil And Gas Sector 2021,11.21.4,11.21,Payments to governments,GRI 207,207-1
GRI 11: Oil And Gas Sector 2021,11.21.5,11.21,Payments to governments,GRI 207,207-2
GRI 11: Oil And Gas Sector 2021,11.21.6,11.21,Payments to governments,GRI 207,207-3
GRI 11: Oil And Gas Sector 2021,11.21.7,11.21,Payments to governments,GRI 207,207-4
GRI 11: Oil And Gas Sector 2021,11.22.1,11.22,Public policy,GRI 3,3-3
GRI 11: Oil And Gas Sector 2021,11.22.2,11.22,Public policy,GRI 415,415-1
